[{"fields": {"app_label": "admin", "model": "logentry"}, "pk": 1, "model": "contenttypes.contenttype"}, {"fields": {"app_label": "auth", "model": "permission"}, "pk": 2, "model": "contenttypes.contenttype"}, {"fields": {"app_label": "auth", "model": "group"}, "pk": 3, "model": "contenttypes.contenttype"}, {"fields": {"app_label": "auth", "model": "user"}, "pk": 4, "model": "contenttypes.contenttype"}, {"fields": {"app_label": "contenttypes", "model": "contenttype"}, "pk": 5, "model": "contenttypes.contenttype"}, {"fields": {"app_label": "sessions", "model": "session"}, "pk": 6, "model": "contenttypes.contenttype"}, {"fields": {"app_label": "movietrailer", "model": "movie"}, "pk": 7, "model": "contenttypes.contenttype"}, {"fields": {"app_label": "movietrailer", "model": "movie_reviews"}, "pk": 9, "model": "contenttypes.contenttype"}, {"fields": {"app_label": "movietrailer", "model": "movies_liked"}, "pk": 10, "model": "contenttypes.contenttype"}, {"fields": {"app_label": "movietrailer", "model": "movies_owned"}, "pk": 11, "model": "contenttypes.contenttype"}, {"fields": {"app_label": "movietrailer", "model": "latest_arrivals"}, "pk": 14, "model": "contenttypes.contenttype"}, {"fields": {"app_label": "movietrailer", "model": "latest_favoritecollection"}, "pk": 15, "model": "contenttypes.contenttype"}, {"fields": {"app_label": "movietrailer", "model": "home_page_covers"}, "pk": 16, "model": "contenttypes.contenttype"}, {"fields": {"app_label": "movietrailer", "model": "user_profile"}, "pk": 17, "model": "contenttypes.contenttype"}, {"fields": {"session_data": "ODlkZGEzNGM3NDMzNmI1MWJlYzdiOGYzOTBmMDQxODY4MTkzYjVjMjp7Il9hdXRoX3VzZXJfaWQiOiIxIiwiX2F1dGhfdXNlcl9oYXNoIjoiYmJjYjg3YzJhMTJlMTc3NTYyZmNiMzVkMDY4ZmRiY2Y0ZmY1MDA2MiIsIl9hdXRoX3VzZXJfYmFja2VuZCI6ImRqYW5nby5jb250cmliLmF1dGguYmFja2VuZHMuTW9kZWxCYWNrZW5kIn0=", "expire_date": "2017-04-03T22:33:24.647Z"}, "pk": "s622301p77iu450au4nmj3k8uues2x4o", "model": "sessions.session"}, {"fields": {"genres": "crime", "main_actor": "Marlon, Brando", "year": 1972, "likes_count": 9, "title": "The Godfather", "cover": "godfather.jpg", "url": "5DO-nDW43Ik", "datuploaded": "2017-03-20T18:34:46Z", "storyline": "The aging patriarch of an organized crime dynasty transfers control of his clandestine empire to his reluctant son. ", "owned_count": 9, "reviews": 4}, "pk": 1, "model": "movietrailer.movie"}, {"fields": {"genres": "crime", "main_actor": "Al Pacino, Robert De Niro", "year": 1974, "likes_count": 8, "title": "The Godfather: Part II ", "cover": "godfather2.jpg", "url": "OA1ij0alE0w", "datuploaded": "2017-03-20T18:34:46.092Z", "storyline": "The early life and career of Vito Corleone in 1920s New York is portrayed while his son, Michael, expands and tightens his grip on the family crime syndicate. ", "owned_count": 3, "reviews": 1}, "pk": 2, "model": "movietrailer.movie"}, {"fields": {"genres": "action", "main_actor": "Christian Bale, Heath Ledger", "year": 2008, "likes_count": 8, "title": "The Dark Knight", "cover": "thedarkknight.jpg", "url": "_PZpmTj1Q8Q", "datuploaded": "2017-03-20T18:34:46.092Z", "storyline": "When the menace known as the Joker wreaks havoc and chaos on the people of Gotham, the caped crusader must come to terms with one of the greatest psychological tests of his ability to fight injustice. ", "owned_count": 4, "reviews": 1}, "pk": 3, "model": "movietrailer.movie"}, {"fields": {"genres": "crime", "main_actor": " John Travolta, Uma Thurman", "year": 1994, "likes_count": 8, "title": "Pulp Fiction", "cover": "pulpfiction.jpg", "url": "tGpTpVyI_OQ", "datuploaded": "2017-03-20T18:34:46.092Z", "storyline": "The lives of two mob hit men, a boxer, a gangster's wife, and a pair of diner bandits intertwine in four tales of violence and redemption. ", "owned_count": 3, "reviews": 1}, "pk": 4, "model": "movietrailer.movie"}, {"fields": {"genres": "action", "main_actor": "Leonardo DiCaprio", "year": 2010, "likes_count": 7, "title": "Inception", "cover": "inception.jpg", "url": "8hP9D6kZseM", "datuploaded": "2017-03-20T18:34:46.092Z", "storyline": "A thief, who steals corporate secrets through use of dream-sharing technology, is given the inverse task of planting an idea into the mind of a CEO. ", "owned_count": 2, "reviews": 1}, "pk": 5, "model": "movietrailer.movie"}, {"fields": {"genres": "crime", "main_actor": "Robert De Niro, Ray Liotta", "year": 1990, "likes_count": 7, "title": "Goodfellas", "cover": "goodfellas.jpg", "url": "qo5jJpHtI1Y", "datuploaded": "2017-03-20T18:34:46.092Z", "storyline": "Henry Hill and his friends work their way up through the mob hierarchy. ", "owned_count": 7, "reviews": 1}, "pk": 6, "model": "movietrailer.movie"}, {"fields": {"genres": "action", "main_actor": "Keanu Reeves, Laurence Fishbur", "year": 1999, "likes_count": 6, "title": "The Matrix\u00a0", "cover": "matrix.jpg", "url": "m8e-FF8MsqU", "datuploaded": "2017-03-20T18:34:46.092Z", "storyline": "A computer hacker learns from mysterious rebels about the true nature of his reality and his role in the war against its controllers. ", "owned_count": 3, "reviews": 1}, "pk": 7, "model": "movietrailer.movie"}, {"fields": {"genres": "crime", "main_actor": "Alexandre Rodrigues", "year": 2002, "likes_count": 9, "title": "City of God\u00a0(Cidade de Deus )", "cover": "cityofgod.jpg", "url": "g4sPxzDBcXA", "datuploaded": "2017-03-20T18:34:46.092Z", "storyline": "Two boys growing up in a violent neighborhood of Rio de Janeiro take different paths: one becomes a photographer, the other a drug dealer. ", "owned_count": 5, "reviews": 1}, "pk": 8, "model": "movietrailer.movie"}, {"fields": {"genres": "action", "main_actor": "Daveigh Chase", "year": 2001, "likes_count": 8, "title": "Spirited Away (Sen to Chihiro no kamikakushi)", "cover": "spritedaway.jpg", "url": "ByXuk9QqQkk", "datuploaded": "2017-03-20T18:34:46.092Z", "storyline": "Chihiro and her parents are moving to a small Japanese town in the countryside, much to Chihiro's dismay. On the way to their new home, Chihiro's father makes a wrong turn and drives down a lonely one-lane road which dead-ends in front of a tunnel. Her parents decide to stop the car and explore the area. They go through the tunnel and find an abandoned amusement park on the other side, with its own little town. When her parents see a restaurant with great-smelling food but no staff, they decide to eat and pay later. However, Chihiro refuses to eat and decides to explore the theme park a bit more. She meets a boy named Haku who tells her that Chihiro and her parents are in danger, and they must leave immediately. She runs to the restaurant and finds that her parents have turned into pigs. In addition, the theme park turns out to be a town inhabited by demons, spirits, and evil gods. At the center of the town is a bathhouse where these creatures go to relax. The owner of the bathhouse", "owned_count": 5, "reviews": 1}, "pk": 9, "model": "movietrailer.movie"}, {"fields": {"genres": "action", "main_actor": "Tom Hanks", "year": 1998, "likes_count": 6, "title": "Saving Private Ryan", "cover": "savingprivateryan.jpg", "url": "RYExstiQlLc", "datuploaded": "2017-03-20T18:34:46.092Z", "storyline": "Following the Normandy Landings, a group of U.S. soldiers go behind enemy lines to retrieve a paratrooper whose brothers have been killed in action. ", "owned_count": 2, "reviews": 1}, "pk": 10, "model": "movietrailer.movie"}, {"fields": {"genres": "sci-fi", "main_actor": "Arnold Schwarzenegger", "year": 1991, "likes_count": 9, "title": "Terminator 2: Judgment Day", "cover": "terminator2.jpg", "url": "lwSysg9o7wE", "datuploaded": "2017-03-20T18:34:46.092Z", "storyline": "A cyborg, identical to the one who failed to kill Sarah Connor, must now protect her teenage son, John Connor, from a more advanced cyborg. ", "owned_count": 5, "reviews": 1}, "pk": 11, "model": "movietrailer.movie"}, {"fields": {"genres": "horror", "main_actor": "Sigourney Weaver", "year": 1979, "likes_count": 8, "title": "Alien", "cover": "alien.jpg", "url": "LjLamj-b0I8", "datuploaded": "2017-03-20T18:34:46.092Z", "storyline": "After a space merchant vessel perceives an unknown transmission as distress call, their landing on the source moon finds one of the crew attacked by a mysterious life-form, and soon realize that its life cycle has merely begun. ", "owned_count": 5, "reviews": 1}, "pk": 12, "model": "movietrailer.movie"}, {"fields": {"genres": "drama", "main_actor": "Kevin Spacey", "year": 1999, "likes_count": 7, "title": "American Beauty", "cover": "americanbeauty.jpg", "url": "3ycmmJ6rxA8", "datuploaded": "2017-03-20T18:34:46.092Z", "storyline": "A sexually frustrated suburban father has a mid-life crisis after becoming infatuated with his daughter's best friend. ", "owned_count": 4, "reviews": 1}, "pk": 13, "model": "movietrailer.movie"}, {"fields": {"genres": "animation", "main_actor": "Ben Burtt", "year": 2008, "likes_count": 8, "title": "WALL\u00b7E", "cover": "walle.jpg", "url": "alIq_wG9FNk", "datuploaded": "2017-03-20T18:34:46.092Z", "storyline": "In the distant future, a small waste-collecting robot inadvertently embarks on a space journey that will ultimately decide the fate of mankind. ", "owned_count": 4, "reviews": 1}, "pk": 14, "model": "movietrailer.movie"}, {"fields": {"genres": "thriller", "main_actor": "Harvey Keitel", "year": 1992, "likes_count": 7, "title": "Reservoir Dogs", "cover": "reservoirdogs.jpeg", "url": "vayksn4Y93A", "datuploaded": "2017-03-20T18:34:46.092Z", "storyline": "After a simple jewelry heist goes terribly wrong, the surviving criminals begin to suspect that one of them is a police informant. ", "owned_count": 3, "reviews": 1}, "pk": 15, "model": "movietrailer.movie"}, {"fields": {"genres": "animation", "main_actor": "Tom Hanks, Tim Allen", "year": 2010, "likes_count": 7, "title": "Toy Story 3", "cover": "toystory3.jpg", "url": "JcpWXaA2qeg", "datuploaded": "2017-03-20T18:34:46.092Z", "storyline": "The toys are mistakenly delivered to a day-care center instead of the attic right before Andy leaves for college, and it's up to Woody to convince the other toys that they weren't abandoned and to return home.", "owned_count": 2, "reviews": 1}, "pk": 16, "model": "movietrailer.movie"}, {"fields": {"genres": "crime", "main_actor": "Al Pacino", "year": 1983, "likes_count": 7, "title": "Scarface\u00a0", "cover": "scarface.jpg", "url": "7pQQHnqBa2E", "datuploaded": "2017-03-20T18:34:46.092Z", "storyline": "In Miami in 1980, a determined Cuban immigrant takes over a drug cartel and succumbs to greed. ", "owned_count": 5, "reviews": 1}, "pk": 17, "model": "movietrailer.movie"}, {"fields": {"genres": "action", "main_actor": "Christian Bale,", "year": 2005, "likes_count": 7, "title": "Batman Begins\u00a0", "cover": "batmanbegins.jpg", "url": "QhPqez3CwiM", "datuploaded": "2017-03-20T18:34:46.092Z", "storyline": "After training with his mentor, Batman begins his fight to free crime-ridden Gotham City from the corruption that Scarecrow and the League of Shadows have cast upon it. ", "owned_count": 3, "reviews": 1}, "pk": 18, "model": "movietrailer.movie"}, {"fields": {"genres": "action", "main_actor": "Bruce Willis", "year": 1988, "likes_count": 9, "title": "Die Hard", "cover": "diehard.jpg", "url": "2TQ-pOvI6Xo", "datuploaded": "2017-03-20T18:34:46.092Z", "storyline": "John McClane, officer of the NYPD, tries to save his wife Holly Gennaro and several others that were taken hostage by German terrorist Hans Gruber during a Christmas party at the Nakatomi Plaza in Los Angeles. ", "owned_count": 4, "reviews": 1}, "pk": 19, "model": "movietrailer.movie"}, {"fields": {"genres": "war", "main_actor": "Charlie Sheen", "year": 1986, "likes_count": 9, "title": "Platoon\u00a0", "cover": "platoon.jpg", "url": "KztP7SKe0uk", "datuploaded": "2017-03-20T18:34:46.092Z", "storyline": "A young recruit in Vietnam faces a moral crisis when confronted with the horrors of war and the duality of man. ", "owned_count": 3, "reviews": 1}, "pk": 20, "model": "movietrailer.movie"}, {"fields": {"genres": "adventure", "main_actor": "Roy Scheider", "year": 1975, "likes_count": 6, "title": "Jaws", "cover": "jaws.jpg", "url": "U1fu_sA7XhE", "datuploaded": "2017-03-20T18:34:46.092Z", "storyline": "A giant great white shark arrives on the shores of a New England beach resort and wreaks havoc with bloody attacks on swimmers, until a part-time sheriff teams up with a marine biologist and an old seafarer to hunt the monster down.", "owned_count": 2, "reviews": 1}, "pk": 21, "model": "movietrailer.movie"}, {"fields": {"genres": "animation", "main_actor": "Ginnifer Goodwin", "year": 2016, "likes_count": 9, "title": "Zootropolis\u00a0", "cover": "zootropolis.jpg", "url": "VCDQRy1od30", "datuploaded": "2017-03-20T18:34:46.092Z", "storyline": "In a city of anthropomorphic animals, a rookie bunny cop and a cynical con artist fox must work together to uncover a conspiracy. ", "owned_count": 3, "reviews": 1}, "pk": 22, "model": "movietrailer.movie"}, {"fields": {"genres": "crime", "main_actor": "Mickey Rourke", "year": 2005, "likes_count": 7, "title": "Sin City", "cover": "sincity.jpg", "url": "T2Dj6ktPU5c", "datuploaded": "2017-03-20T18:34:46.092Z", "storyline": "A film that explores the dark and miserable town, Basin City, and tells the story of three different people, all caught up in violent corruption.", "owned_count": 3, "reviews": 1}, "pk": 23, "model": "movietrailer.movie"}, {"fields": {"chartposition": 1, "movie": 8}, "pk": 1, "model": "movietrailer.latest_arrivals"}, {"fields": {"chartposition": 2, "movie": 19}, "pk": 2, "model": "movietrailer.latest_arrivals"}, {"fields": {"chartposition": 3, "movie": 6}, "pk": 3, "model": "movietrailer.latest_arrivals"}, {"fields": {"chartposition": 4, "movie": 10}, "pk": 4, "model": "movietrailer.latest_arrivals"}, {"fields": {"chartposition": 5, "movie": 16}, "pk": 5, "model": "movietrailer.latest_arrivals"}, {"fields": {"chartposition": "1", "movie": 22}, "pk": 1, "model": "movietrailer.latest_favoritecollection"}, {"fields": {"chartposition": "2", "movie": 8}, "pk": 2, "model": "movietrailer.latest_favoritecollection"}, {"fields": {"chartposition": "3", "movie": 10}, "pk": 3, "model": "movietrailer.latest_favoritecollection"}, {"fields": {"chartposition": "4", "movie": 3}, "pk": 4, "model": "movietrailer.latest_favoritecollection"}, {"fields": {"chartposition": "5", "movie": 16}, "pk": 5, "model": "movietrailer.latest_favoritecollection"}, {"fields": {"chartposition": 1, "movie": 1}, "pk": 1, "model": "movietrailer.home_page_covers"}, {"fields": {"chartposition": 2, "movie": 22}, "pk": 2, "model": "movietrailer.home_page_covers"}, {"fields": {"chartposition": 3, "movie": 23}, "pk": 3, "model": "movietrailer.home_page_covers"}, {"fields": {"chartposition": 4, "movie": 12}, "pk": 4, "model": "movietrailer.home_page_covers"}, {"fields": {"content_type": 1, "name": "Can add log entry", "codename": "add_logentry"}, "pk": 1, "model": "auth.permission"}, {"fields": {"content_type": 1, "name": "Can change log entry", "codename": "change_logentry"}, "pk": 2, "model": "auth.permission"}, {"fields": {"content_type": 1, "name": "Can delete log entry", "codename": "delete_logentry"}, "pk": 3, "model": "auth.permission"}, {"fields": {"content_type": 2, "name": "Can add permission", "codename": "add_permission"}, "pk": 4, "model": "auth.permission"}, {"fields": {"content_type": 2, "name": "Can change permission", "codename": "change_permission"}, "pk": 5, "model": "auth.permission"}, {"fields": {"content_type": 2, "name": "Can delete permission", "codename": "delete_permission"}, "pk": 6, "model": "auth.permission"}, {"fields": {"content_type": 3, "name": "Can add group", "codename": "add_group"}, "pk": 7, "model": "auth.permission"}, {"fields": {"content_type": 3, "name": "Can change group", "codename": "change_group"}, "pk": 8, "model": "auth.permission"}, {"fields": {"content_type": 3, "name": "Can delete group", "codename": "delete_group"}, "pk": 9, "model": "auth.permission"}, {"fields": {"content_type": 4, "name": "Can add user", "codename": "add_user"}, "pk": 10, "model": "auth.permission"}, {"fields": {"content_type": 4, "name": "Can change user", "codename": "change_user"}, "pk": 11, "model": "auth.permission"}, {"fields": {"content_type": 4, "name": "Can delete user", "codename": "delete_user"}, "pk": 12, "model": "auth.permission"}, {"fields": {"content_type": 5, "name": "Can add content type", "codename": "add_contenttype"}, "pk": 13, "model": "auth.permission"}, {"fields": {"content_type": 5, "name": "Can change content type", "codename": "change_contenttype"}, "pk": 14, "model": "auth.permission"}, {"fields": {"content_type": 5, "name": "Can delete content type", "codename": "delete_contenttype"}, "pk": 15, "model": "auth.permission"}, {"fields": {"content_type": 6, "name": "Can add session", "codename": "add_session"}, "pk": 16, "model": "auth.permission"}, {"fields": {"content_type": 6, "name": "Can change session", "codename": "change_session"}, "pk": 17, "model": "auth.permission"}, {"fields": {"content_type": 6, "name": "Can delete session", "codename": "delete_session"}, "pk": 18, "model": "auth.permission"}, {"fields": {"content_type": 7, "name": "Can add movie", "codename": "add_movie"}, "pk": 19, "model": "auth.permission"}, {"fields": {"content_type": 7, "name": "Can change movie", "codename": "change_movie"}, "pk": 20, "model": "auth.permission"}, {"fields": {"content_type": 7, "name": "Can delete movie", "codename": "delete_movie"}, "pk": 21, "model": "auth.permission"}, {"fields": {"content_type": 9, "name": "Can add movie_reviews", "codename": "add_movie_reviews"}, "pk": 25, "model": "auth.permission"}, {"fields": {"content_type": 9, "name": "Can change movie_reviews", "codename": "change_movie_reviews"}, "pk": 26, "model": "auth.permission"}, {"fields": {"content_type": 9, "name": "Can delete movie_reviews", "codename": "delete_movie_reviews"}, "pk": 27, "model": "auth.permission"}, {"fields": {"content_type": 10, "name": "Can add movies_liked", "codename": "add_movies_liked"}, "pk": 28, "model": "auth.permission"}, {"fields": {"content_type": 10, "name": "Can change movies_liked", "codename": "change_movies_liked"}, "pk": 29, "model": "auth.permission"}, {"fields": {"content_type": 10, "name": "Can delete movies_liked", "codename": "delete_movies_liked"}, "pk": 30, "model": "auth.permission"}, {"fields": {"content_type": 11, "name": "Can add movies_owned", "codename": "add_movies_owned"}, "pk": 31, "model": "auth.permission"}, {"fields": {"content_type": 11, "name": "Can change movies_owned", "codename": "change_movies_owned"}, "pk": 32, "model": "auth.permission"}, {"fields": {"content_type": 11, "name": "Can delete movies_owned", "codename": "delete_movies_owned"}, "pk": 33, "model": "auth.permission"}, {"fields": {"content_type": 14, "name": "Can add latest_ arrivals", "codename": "add_latest_arrivals"}, "pk": 40, "model": "auth.permission"}, {"fields": {"content_type": 14, "name": "Can change latest_ arrivals", "codename": "change_latest_arrivals"}, "pk": 41, "model": "auth.permission"}, {"fields": {"content_type": 14, "name": "Can delete latest_ arrivals", "codename": "delete_latest_arrivals"}, "pk": 42, "model": "auth.permission"}, {"fields": {"content_type": 15, "name": "Can add latest_ favorite collection", "codename": "add_latest_favoritecollection"}, "pk": 43, "model": "auth.permission"}, {"fields": {"content_type": 15, "name": "Can change latest_ favorite collection", "codename": "change_latest_favoritecollection"}, "pk": 44, "model": "auth.permission"}, {"fields": {"content_type": 15, "name": "Can delete latest_ favorite collection", "codename": "delete_latest_favoritecollection"}, "pk": 45, "model": "auth.permission"}, {"fields": {"content_type": 16, "name": "Can add home_ page_ covers", "codename": "add_home_page_covers"}, "pk": 46, "model": "auth.permission"}, {"fields": {"content_type": 16, "name": "Can change home_ page_ covers", "codename": "change_home_page_covers"}, "pk": 47, "model": "auth.permission"}, {"fields": {"content_type": 16, "name": "Can delete home_ page_ covers", "codename": "delete_home_page_covers"}, "pk": 48, "model": "auth.permission"}, {"fields": {"content_type": 17, "name": "Can add user_ profile", "codename": "add_user_profile"}, "pk": 49, "model": "auth.permission"}, {"fields": {"content_type": 17, "name": "Can change user_ profile", "codename": "change_user_profile"}, "pk": 50, "model": "auth.permission"}, {"fields": {"content_type": 17, "name": "Can delete user_ profile", "codename": "delete_user_profile"}, "pk": 51, "model": "auth.permission"}, {"fields": {"groups": [], "username": "danieljohnson", "first_name": "", "is_active": true, "last_name": "", "password": "pbkdf2_sha256$20000$Dieb2Fssx157$wJlRMYxsnv/P36fYQmGcTDXc6qID1/910nNHkxrgMH8=", "last_login": "2017-03-20T22:33:24.499Z", "is_staff": true, "email": "danny_boyx@hotmail.co.uk", "date_joined": "2017-03-16T18:18:54.804Z", "is_superuser": true, "user_permissions": []}, "pk": 1, "model": "auth.user"}, {"fields": {"groups": [], "username": "bbc", "first_name": "", "is_active": true, "last_name": "", "password": "pbkdf2_sha256$20000$n1MCWcWwN5Ym$7FIWTltl88QzgEApJGYXwsMFlwwTbCRnOAb4rN0Pge4=", "last_login": null, "is_staff": false, "email": "bbc", "date_joined": "2017-03-20T21:52:56.787Z", "is_superuser": false, "user_permissions": []}, "pk": 33, "model": "auth.user"}, {"fields": {"user": 33, "review_title": "io", "review_body": "jj"}, "pk": 1, "model": "movietrailer.movie_reviews"}, {"fields": {"user": 33, "review_title": "Griping", "review_body": " fdgdfgdg  dfgfdg gfd f"}, "pk": 4, "model": "movietrailer.movie_reviews"}, {"fields": {"object_repr": "Movie object", "action_time": "2017-03-16T19:45:46.034Z", "change_message": "", "action_flag": 1, "content_type": 7, "user": 1, "object_id": "1"}, "pk": 1, "model": "admin.logentry"}, {"fields": {"object_repr": "Movie object", "action_time": "2017-03-16T20:10:53.757Z", "change_message": "Changed cover.", "action_flag": 2, "content_type": 7, "user": 1, "object_id": "1"}, "pk": 2, "model": "admin.logentry"}, {"fields": {"object_repr": "Movie object", "action_time": "2017-03-16T23:41:46.604Z", "change_message": "", "action_flag": 3, "content_type": 7, "user": 1, "object_id": "1"}, "pk": 3, "model": "admin.logentry"}, {"fields": {"object_repr": "Movie object", "action_time": "2017-03-17T14:24:27.256Z", "change_message": "", "action_flag": 1, "content_type": 7, "user": 1, "object_id": "1"}, "pk": 4, "model": "admin.logentry"}, {"fields": {"object_repr": "Movie object", "action_time": "2017-03-17T14:26:24.031Z", "change_message": "", "action_flag": 1, "content_type": 7, "user": 1, "object_id": "2"}, "pk": 5, "model": "admin.logentry"}, {"fields": {"object_repr": "Movie object", "action_time": "2017-03-17T14:31:11.275Z", "change_message": "", "action_flag": 1, "content_type": 7, "user": 1, "object_id": "3"}, "pk": 6, "model": "admin.logentry"}, {"fields": {"object_repr": "Movie object", "action_time": "2017-03-17T14:34:08.687Z", "change_message": "", "action_flag": 1, "content_type": 7, "user": 1, "object_id": "4"}, "pk": 7, "model": "admin.logentry"}, {"fields": {"object_repr": "Movie object", "action_time": "2017-03-17T14:37:31.319Z", "change_message": "", "action_flag": 1, "content_type": 7, "user": 1, "object_id": "5"}, "pk": 8, "model": "admin.logentry"}, {"fields": {"object_repr": "Movie object", "action_time": "2017-03-17T14:39:40.913Z", "change_message": "", "action_flag": 1, "content_type": 7, "user": 1, "object_id": "6"}, "pk": 9, "model": "admin.logentry"}, {"fields": {"object_repr": "Movie object", "action_time": "2017-03-17T14:55:53.909Z", "change_message": "", "action_flag": 1, "content_type": 7, "user": 1, "object_id": "7"}, "pk": 10, "model": "admin.logentry"}, {"fields": {"object_repr": "Movie object", "action_time": "2017-03-17T14:58:51.414Z", "change_message": "", "action_flag": 1, "content_type": 7, "user": 1, "object_id": "8"}, "pk": 11, "model": "admin.logentry"}, {"fields": {"object_repr": "Movie object", "action_time": "2017-03-17T15:00:43.412Z", "change_message": "", "action_flag": 1, "content_type": 7, "user": 1, "object_id": "9"}, "pk": 12, "model": "admin.logentry"}, {"fields": {"object_repr": "Movie object", "action_time": "2017-03-17T15:02:41.982Z", "change_message": "", "action_flag": 1, "content_type": 7, "user": 1, "object_id": "10"}, "pk": 13, "model": "admin.logentry"}, {"fields": {"object_repr": "Movie object", "action_time": "2017-03-17T15:05:14.373Z", "change_message": "", "action_flag": 1, "content_type": 7, "user": 1, "object_id": "11"}, "pk": 14, "model": "admin.logentry"}, {"fields": {"object_repr": "Movie object", "action_time": "2017-03-17T15:07:24.575Z", "change_message": "", "action_flag": 1, "content_type": 7, "user": 1, "object_id": "12"}, "pk": 15, "model": "admin.logentry"}, {"fields": {"object_repr": "Movie object", "action_time": "2017-03-17T15:09:34.668Z", "change_message": "", "action_flag": 1, "content_type": 7, "user": 1, "object_id": "13"}, "pk": 16, "model": "admin.logentry"}, {"fields": {"object_repr": "Movie object", "action_time": "2017-03-17T15:13:09.023Z", "change_message": "", "action_flag": 1, "content_type": 7, "user": 1, "object_id": "14"}, "pk": 17, "model": "admin.logentry"}, {"fields": {"object_repr": "Movie object", "action_time": "2017-03-17T15:17:37.585Z", "change_message": "", "action_flag": 1, "content_type": 7, "user": 1, "object_id": "15"}, "pk": 18, "model": "admin.logentry"}, {"fields": {"object_repr": "Movie object", "action_time": "2017-03-17T15:19:46.230Z", "change_message": "", "action_flag": 1, "content_type": 7, "user": 1, "object_id": "16"}, "pk": 19, "model": "admin.logentry"}, {"fields": {"object_repr": "Movie object", "action_time": "2017-03-17T15:21:48.064Z", "change_message": "", "action_flag": 1, "content_type": 7, "user": 1, "object_id": "17"}, "pk": 20, "model": "admin.logentry"}, {"fields": {"object_repr": "Movie object", "action_time": "2017-03-17T15:23:50.221Z", "change_message": "", "action_flag": 1, "content_type": 7, "user": 1, "object_id": "18"}, "pk": 21, "model": "admin.logentry"}, {"fields": {"object_repr": "Movie object", "action_time": "2017-03-17T15:25:47.224Z", "change_message": "", "action_flag": 1, "content_type": 7, "user": 1, "object_id": "19"}, "pk": 22, "model": "admin.logentry"}, {"fields": {"object_repr": "Movie object", "action_time": "2017-03-17T15:27:12.985Z", "change_message": "", "action_flag": 1, "content_type": 7, "user": 1, "object_id": "20"}, "pk": 23, "model": "admin.logentry"}, {"fields": {"object_repr": "Movie object", "action_time": "2017-03-17T15:39:06.871Z", "change_message": "", "action_flag": 1, "content_type": 7, "user": 1, "object_id": "21"}, "pk": 24, "model": "admin.logentry"}, {"fields": {"object_repr": "Movie object", "action_time": "2017-03-17T15:42:25.962Z", "change_message": "", "action_flag": 1, "content_type": 7, "user": 1, "object_id": "22"}, "pk": 25, "model": "admin.logentry"}, {"fields": {"object_repr": "Movie object", "action_time": "2017-03-17T15:43:43.178Z", "change_message": "", "action_flag": 1, "content_type": 7, "user": 1, "object_id": "23"}, "pk": 26, "model": "admin.logentry"}, {"fields": {"object_repr": "Latest_Arrivals object", "action_time": "2017-03-17T15:59:49.104Z", "change_message": "", "action_flag": 1, "content_type": 14, "user": 1, "object_id": "1"}, "pk": 27, "model": "admin.logentry"}, {"fields": {"object_repr": "Latest_Arrivals object", "action_time": "2017-03-17T15:59:54.820Z", "change_message": "", "action_flag": 1, "content_type": 14, "user": 1, "object_id": "2"}, "pk": 28, "model": "admin.logentry"}, {"fields": {"object_repr": "Latest_Arrivals object", "action_time": "2017-03-17T16:00:01.411Z", "change_message": "", "action_flag": 1, "content_type": 14, "user": 1, "object_id": "3"}, "pk": 29, "model": "admin.logentry"}, {"fields": {"object_repr": "Latest_Arrivals object", "action_time": "2017-03-17T16:00:07.604Z", "change_message": "", "action_flag": 1, "content_type": 14, "user": 1, "object_id": "4"}, "pk": 30, "model": "admin.logentry"}, {"fields": {"object_repr": "Latest_Arrivals object", "action_time": "2017-03-17T16:00:15.423Z", "change_message": "", "action_flag": 1, "content_type": 14, "user": 1, "object_id": "5"}, "pk": 31, "model": "admin.logentry"}, {"fields": {"object_repr": "Zootropolis\u00a0", "action_time": "2017-03-17T16:02:19.482Z", "change_message": "", "action_flag": 1, "content_type": 15, "user": 1, "object_id": "1"}, "pk": 32, "model": "admin.logentry"}, {"fields": {"object_repr": "City of God\u00a0(Cidade de Deus )", "action_time": "2017-03-17T16:02:32.093Z", "change_message": "", "action_flag": 1, "content_type": 15, "user": 1, "object_id": "2"}, "pk": 33, "model": "admin.logentry"}, {"fields": {"object_repr": "Saving Private Ryan", "action_time": "2017-03-17T16:02:37.823Z", "change_message": "", "action_flag": 1, "content_type": 15, "user": 1, "object_id": "3"}, "pk": 34, "model": "admin.logentry"}, {"fields": {"object_repr": "The Dark Knight", "action_time": "2017-03-17T16:02:44.982Z", "change_message": "", "action_flag": 1, "content_type": 15, "user": 1, "object_id": "4"}, "pk": 35, "model": "admin.logentry"}, {"fields": {"object_repr": "Toy Story 3", "action_time": "2017-03-17T16:02:54.468Z", "change_message": "", "action_flag": 1, "content_type": 15, "user": 1, "object_id": "5"}, "pk": 36, "model": "admin.logentry"}, {"fields": {"object_repr": "City of God\u00a0(Cidade de Deus )", "action_time": "2017-03-17T16:46:47.850Z", "change_message": "Changed main_actor and cover.", "action_flag": 2, "content_type": 7, "user": 1, "object_id": "8"}, "pk": 37, "model": "admin.logentry"}, {"fields": {"object_repr": "Die Hard", "action_time": "2017-03-17T16:47:15.253Z", "change_message": "Changed cover.", "action_flag": 2, "content_type": 7, "user": 1, "object_id": "19"}, "pk": 38, "model": "admin.logentry"}, {"fields": {"object_repr": "Goodfellas", "action_time": "2017-03-17T16:48:11.098Z", "change_message": "Changed cover.", "action_flag": 2, "content_type": 7, "user": 1, "object_id": "6"}, "pk": 39, "model": "admin.logentry"}, {"fields": {"object_repr": "Saving Private Ryan", "action_time": "2017-03-17T16:48:29.197Z", "change_message": "Changed cover.", "action_flag": 2, "content_type": 7, "user": 1, "object_id": "10"}, "pk": 40, "model": "admin.logentry"}, {"fields": {"object_repr": "Toy Story 3", "action_time": "2017-03-17T16:49:02.177Z", "change_message": "Changed cover.", "action_flag": 2, "content_type": 7, "user": 1, "object_id": "16"}, "pk": 41, "model": "admin.logentry"}, {"fields": {"object_repr": "Saving Private Ryan", "action_time": "2017-03-17T18:06:45.836Z", "change_message": "Changed cover.", "action_flag": 2, "content_type": 7, "user": 1, "object_id": "10"}, "pk": 42, "model": "admin.logentry"}, {"fields": {"object_repr": "Saving Private Ryan", "action_time": "2017-03-17T18:08:11.413Z", "change_message": "No fields changed.", "action_flag": 2, "content_type": 7, "user": 1, "object_id": "10"}, "pk": 43, "model": "admin.logentry"}, {"fields": {"object_repr": "Saving Private Ryan", "action_time": "2017-03-17T18:10:25.077Z", "change_message": "No fields changed.", "action_flag": 2, "content_type": 7, "user": 1, "object_id": "10"}, "pk": 44, "model": "admin.logentry"}, {"fields": {"object_repr": "The Dark Knight", "action_time": "2017-03-17T18:39:31.991Z", "change_message": "Changed cover.", "action_flag": 2, "content_type": 7, "user": 1, "object_id": "3"}, "pk": 45, "model": "admin.logentry"}, {"fields": {"object_repr": "Zootropolis\u00a0", "action_time": "2017-03-17T18:39:54.059Z", "change_message": "Changed cover.", "action_flag": 2, "content_type": 7, "user": 1, "object_id": "22"}, "pk": 46, "model": "admin.logentry"}, {"fields": {"object_repr": "The Godfather", "action_time": "2017-03-17T18:57:30.885Z", "change_message": "", "action_flag": 1, "content_type": 16, "user": 1, "object_id": "1"}, "pk": 47, "model": "admin.logentry"}, {"fields": {"object_repr": "Zootropolis\u00a0", "action_time": "2017-03-17T18:57:49.185Z", "change_message": "", "action_flag": 1, "content_type": 16, "user": 1, "object_id": "2"}, "pk": 48, "model": "admin.logentry"}, {"fields": {"object_repr": "Sin City", "action_time": "2017-03-17T18:58:02.787Z", "change_message": "", "action_flag": 1, "content_type": 16, "user": 1, "object_id": "3"}, "pk": 49, "model": "admin.logentry"}, {"fields": {"object_repr": "Alien", "action_time": "2017-03-17T18:58:21.361Z", "change_message": "", "action_flag": 1, "content_type": 16, "user": 1, "object_id": "4"}, "pk": 50, "model": "admin.logentry"}, {"fields": {"object_repr": "Alien", "action_time": "2017-03-17T19:05:59.178Z", "change_message": "Changed cover.", "action_flag": 2, "content_type": 7, "user": 1, "object_id": "12"}, "pk": 51, "model": "admin.logentry"}, {"fields": {"object_repr": "Sin City", "action_time": "2017-03-17T19:09:38.917Z", "change_message": "Changed cover.", "action_flag": 2, "content_type": 7, "user": 1, "object_id": "23"}, "pk": 52, "model": "admin.logentry"}, {"fields": {"object_repr": "The Godfather", "action_time": "2017-03-17T19:15:01.064Z", "change_message": "Changed cover.", "action_flag": 2, "content_type": 7, "user": 1, "object_id": "1"}, "pk": 53, "model": "admin.logentry"}, {"fields": {"object_repr": "The Godfather", "action_time": "2017-03-17T19:17:29.013Z", "change_message": "Changed cover.", "action_flag": 2, "content_type": 7, "user": 1, "object_id": "1"}, "pk": 54, "model": "admin.logentry"}, {"fields": {"object_repr": "Alien", "action_time": "2017-03-17T20:02:50.435Z", "change_message": "Changed url.", "action_flag": 2, "content_type": 7, "user": 1, "object_id": "12"}, "pk": 55, "model": "admin.logentry"}, {"fields": {"object_repr": "American Beauty", "action_time": "2017-03-17T20:06:29.859Z", "change_message": "Changed url.", "action_flag": 2, "content_type": 7, "user": 1, "object_id": "13"}, "pk": 56, "model": "admin.logentry"}, {"fields": {"object_repr": "Batman Begins\u00a0", "action_time": "2017-03-17T20:06:39.943Z", "change_message": "Changed url.", "action_flag": 2, "content_type": 7, "user": 1, "object_id": "18"}, "pk": 57, "model": "admin.logentry"}, {"fields": {"object_repr": "Batman Begins\u00a0", "action_time": "2017-03-17T20:06:44.464Z", "change_message": "No fields changed.", "action_flag": 2, "content_type": 7, "user": 1, "object_id": "18"}, "pk": 58, "model": "admin.logentry"}, {"fields": {"object_repr": "City of God\u00a0(Cidade de Deus )", "action_time": "2017-03-17T20:06:54.165Z", "change_message": "Changed url.", "action_flag": 2, "content_type": 7, "user": 1, "object_id": "8"}, "pk": 59, "model": "admin.logentry"}, {"fields": {"object_repr": "Die Hard", "action_time": "2017-03-17T20:07:03.349Z", "change_message": "Changed url.", "action_flag": 2, "content_type": 7, "user": 1, "object_id": "19"}, "pk": 60, "model": "admin.logentry"}, {"fields": {"object_repr": "Die Hard", "action_time": "2017-03-17T20:07:08.421Z", "change_message": "No fields changed.", "action_flag": 2, "content_type": 7, "user": 1, "object_id": "19"}, "pk": 61, "model": "admin.logentry"}, {"fields": {"object_repr": "Goodfellas", "action_time": "2017-03-17T20:07:18.130Z", "change_message": "Changed url.", "action_flag": 2, "content_type": 7, "user": 1, "object_id": "6"}, "pk": 62, "model": "admin.logentry"}, {"fields": {"object_repr": "Inception", "action_time": "2017-03-17T20:07:28.130Z", "change_message": "Changed url.", "action_flag": 2, "content_type": 7, "user": 1, "object_id": "5"}, "pk": 63, "model": "admin.logentry"}, {"fields": {"object_repr": "Jaws", "action_time": "2017-03-17T20:07:37.052Z", "change_message": "Changed url.", "action_flag": 2, "content_type": 7, "user": 1, "object_id": "21"}, "pk": 64, "model": "admin.logentry"}, {"fields": {"object_repr": "Platoon\u00a0", "action_time": "2017-03-17T20:07:45.937Z", "change_message": "Changed url.", "action_flag": 2, "content_type": 7, "user": 1, "object_id": "20"}, "pk": 65, "model": "admin.logentry"}, {"fields": {"object_repr": "Pulp Fiction", "action_time": "2017-03-17T20:07:57.442Z", "change_message": "Changed url.", "action_flag": 2, "content_type": 7, "user": 1, "object_id": "4"}, "pk": 66, "model": "admin.logentry"}, {"fields": {"object_repr": "Reservoir Dogs", "action_time": "2017-03-17T20:08:07.277Z", "change_message": "Changed url.", "action_flag": 2, "content_type": 7, "user": 1, "object_id": "15"}, "pk": 67, "model": "admin.logentry"}, {"fields": {"object_repr": "Saving Private Ryan", "action_time": "2017-03-17T20:08:26.732Z", "change_message": "Changed url.", "action_flag": 2, "content_type": 7, "user": 1, "object_id": "10"}, "pk": 68, "model": "admin.logentry"}, {"fields": {"object_repr": "Scarface\u00a0", "action_time": "2017-03-17T20:08:35.683Z", "change_message": "Changed url.", "action_flag": 2, "content_type": 7, "user": 1, "object_id": "17"}, "pk": 69, "model": "admin.logentry"}, {"fields": {"object_repr": "Sin City", "action_time": "2017-03-17T20:08:46.745Z", "change_message": "Changed url.", "action_flag": 2, "content_type": 7, "user": 1, "object_id": "23"}, "pk": 70, "model": "admin.logentry"}, {"fields": {"object_repr": "Spirited Away (Sen to Chihiro no kamikakushi)", "action_time": "2017-03-17T20:08:59.012Z", "change_message": "Changed url.", "action_flag": 2, "content_type": 7, "user": 1, "object_id": "9"}, "pk": 71, "model": "admin.logentry"}, {"fields": {"object_repr": "Terminator 2: Judgment Day", "action_time": "2017-03-17T20:09:58.483Z", "change_message": "Changed url.", "action_flag": 2, "content_type": 7, "user": 1, "object_id": "11"}, "pk": 72, "model": "admin.logentry"}, {"fields": {"object_repr": "The Dark Knight", "action_time": "2017-03-17T20:10:12.990Z", "change_message": "Changed url.", "action_flag": 2, "content_type": 7, "user": 1, "object_id": "3"}, "pk": 73, "model": "admin.logentry"}, {"fields": {"object_repr": "The Godfather", "action_time": "2017-03-17T20:10:23.682Z", "change_message": "Changed url.", "action_flag": 2, "content_type": 7, "user": 1, "object_id": "1"}, "pk": 74, "model": "admin.logentry"}, {"fields": {"object_repr": "The Godfather: Part II ", "action_time": "2017-03-17T20:10:47.126Z", "change_message": "Changed url.", "action_flag": 2, "content_type": 7, "user": 1, "object_id": "2"}, "pk": 75, "model": "admin.logentry"}, {"fields": {"object_repr": "The Matrix\u00a0", "action_time": "2017-03-17T20:10:57.323Z", "change_message": "Changed url.", "action_flag": 2, "content_type": 7, "user": 1, "object_id": "7"}, "pk": 76, "model": "admin.logentry"}, {"fields": {"object_repr": "Toy Story 3", "action_time": "2017-03-17T20:11:21.455Z", "change_message": "Changed url.", "action_flag": 2, "content_type": 7, "user": 1, "object_id": "16"}, "pk": 77, "model": "admin.logentry"}, {"fields": {"object_repr": "WALL\u00b7E", "action_time": "2017-03-17T20:11:32.508Z", "change_message": "Changed url.", "action_flag": 2, "content_type": 7, "user": 1, "object_id": "14"}, "pk": 78, "model": "admin.logentry"}, {"fields": {"object_repr": "Zootropolis\u00a0", "action_time": "2017-03-17T20:11:43.689Z", "change_message": "Changed url.", "action_flag": 2, "content_type": 7, "user": 1, "object_id": "22"}, "pk": 79, "model": "admin.logentry"}, {"fields": {"object_repr": "bhyhrerretrt", "action_time": "2017-03-17T21:08:37.230Z", "change_message": "", "action_flag": 3, "content_type": 4, "user": 1, "object_id": "7"}, "pk": 80, "model": "admin.logentry"}, {"fields": {"object_repr": "American Beauty", "action_time": "2017-03-20T13:50:57.134Z", "change_message": "Changed cover.", "action_flag": 2, "content_type": 7, "user": 1, "object_id": "13"}, "pk": 81, "model": "admin.logentry"}, {"fields": {"object_repr": "Batman Begins\u00a0", "action_time": "2017-03-20T13:52:48.028Z", "change_message": "Changed cover.", "action_flag": 2, "content_type": 7, "user": 1, "object_id": "18"}, "pk": 82, "model": "admin.logentry"}, {"fields": {"object_repr": "Inception", "action_time": "2017-03-20T13:53:32.512Z", "change_message": "Changed cover.", "action_flag": 2, "content_type": 7, "user": 1, "object_id": "5"}, "pk": 83, "model": "admin.logentry"}, {"fields": {"object_repr": "Jaws", "action_time": "2017-03-20T13:54:27.450Z", "change_message": "Changed cover.", "action_flag": 2, "content_type": 7, "user": 1, "object_id": "21"}, "pk": 84, "model": "admin.logentry"}, {"fields": {"object_repr": "Platoon\u00a0", "action_time": "2017-03-20T13:59:43.023Z", "change_message": "Changed cover.", "action_flag": 2, "content_type": 7, "user": 1, "object_id": "20"}, "pk": 85, "model": "admin.logentry"}, {"fields": {"object_repr": "Reservoir Dogs", "action_time": "2017-03-20T14:01:48.990Z", "change_message": "Changed cover.", "action_flag": 2, "content_type": 7, "user": 1, "object_id": "15"}, "pk": 86, "model": "admin.logentry"}, {"fields": {"object_repr": "Scarface\u00a0", "action_time": "2017-03-20T14:09:44.881Z", "change_message": "Changed cover.", "action_flag": 2, "content_type": 7, "user": 1, "object_id": "17"}, "pk": 87, "model": "admin.logentry"}, {"fields": {"object_repr": "Spirited Away (Sen to Chihiro no kamikakushi)", "action_time": "2017-03-20T14:10:49.086Z", "change_message": "Changed cover.", "action_flag": 2, "content_type": 7, "user": 1, "object_id": "9"}, "pk": 88, "model": "admin.logentry"}, {"fields": {"object_repr": "Terminator 2: Judgment Day", "action_time": "2017-03-20T14:11:33.724Z", "change_message": "Changed cover.", "action_flag": 2, "content_type": 7, "user": 1, "object_id": "11"}, "pk": 89, "model": "admin.logentry"}, {"fields": {"object_repr": "The Godfather: Part II ", "action_time": "2017-03-20T14:12:20.533Z", "change_message": "Changed cover.", "action_flag": 2, "content_type": 7, "user": 1, "object_id": "2"}, "pk": 90, "model": "admin.logentry"}, {"fields": {"object_repr": "The Matrix\u00a0", "action_time": "2017-03-20T14:13:02.233Z", "change_message": "Changed cover.", "action_flag": 2, "content_type": 7, "user": 1, "object_id": "7"}, "pk": 91, "model": "admin.logentry"}, {"fields": {"object_repr": "WALL\u00b7E", "action_time": "2017-03-20T14:13:51.996Z", "change_message": "Changed cover.", "action_flag": 2, "content_type": 7, "user": 1, "object_id": "14"}, "pk": 92, "model": "admin.logentry"}, {"fields": {"object_repr": "Platoon\u00a0", "action_time": "2017-03-20T14:17:13.620Z", "change_message": "Changed cover.", "action_flag": 2, "content_type": 7, "user": 1, "object_id": "20"}, "pk": 93, "model": "admin.logentry"}, {"fields": {"object_repr": "Terminator 2: Judgment Day", "action_time": "2017-03-20T14:18:01.805Z", "change_message": "Changed cover.", "action_flag": 2, "content_type": 7, "user": 1, "object_id": "11"}, "pk": 94, "model": "admin.logentry"}, {"fields": {"object_repr": "The Godfather: Part II ", "action_time": "2017-03-20T14:18:33.586Z", "change_message": "Changed cover.", "action_flag": 2, "content_type": 7, "user": 1, "object_id": "2"}, "pk": 95, "model": "admin.logentry"}, {"fields": {"object_repr": "Pulp Fiction", "action_time": "2017-03-20T14:19:19.943Z", "change_message": "Changed cover.", "action_flag": 2, "content_type": 7, "user": 1, "object_id": "4"}, "pk": 96, "model": "admin.logentry"}, {"fields": {"object_repr": "Spirited Away (Sen to Chihiro no kamikakushi)", "action_time": "2017-03-20T14:19:40.747Z", "change_message": "Changed cover.", "action_flag": 2, "content_type": 7, "user": 1, "object_id": "9"}, "pk": 97, "model": "admin.logentry"}, {"fields": {"object_repr": "The Dark Knight", "action_time": "2017-03-20T14:20:22.154Z", "change_message": "No fields changed.", "action_flag": 2, "content_type": 7, "user": 1, "object_id": "3"}, "pk": 98, "model": "admin.logentry"}, {"fields": {"object_repr": "bhyhrerretrtff", "action_time": "2017-03-20T20:38:44.070Z", "change_message": "", "action_flag": 3, "content_type": 4, "user": 1, "object_id": "8"}, "pk": 99, "model": "admin.logentry"}, {"fields": {"object_repr": "bhyhrerretrtffdddd", "action_time": "2017-03-20T20:38:44.201Z", "change_message": "", "action_flag": 3, "content_type": 4, "user": 1, "object_id": "9"}, "pk": 100, "model": "admin.logentry"}, {"fields": {"object_repr": "bhyhssds", "action_time": "2017-03-20T20:38:44.349Z", "change_message": "", "action_flag": 3, "content_type": 4, "user": 1, "object_id": "18"}, "pk": 101, "model": "admin.logentry"}, {"fields": {"object_repr": "danieljohnson2", "action_time": "2017-03-20T20:38:44.486Z", "change_message": "", "action_flag": 3, "content_type": 4, "user": 1, "object_id": "2"}, "pk": 102, "model": "admin.logentry"}, {"fields": {"object_repr": "danieljohnson3", "action_time": "2017-03-20T20:38:44.617Z", "change_message": "", "action_flag": 3, "content_type": 4, "user": 1, "object_id": "3"}, "pk": 103, "model": "admin.logentry"}, {"fields": {"object_repr": "danieljohnson33", "action_time": "2017-03-20T20:38:44.749Z", "change_message": "", "action_flag": 3, "content_type": 4, "user": 1, "object_id": "4"}, "pk": 104, "model": "admin.logentry"}, {"fields": {"object_repr": "dfdsfdsfsdf", "action_time": "2017-03-20T20:38:44.886Z", "change_message": "", "action_flag": 3, "content_type": 4, "user": 1, "object_id": "5"}, "pk": 105, "model": "admin.logentry"}, {"fields": {"object_repr": "dgjhsgJG", "action_time": "2017-03-20T20:38:45.017Z", "change_message": "", "action_flag": 3, "content_type": 4, "user": 1, "object_id": "6"}, "pk": 106, "model": "admin.logentry"}, {"fields": {"object_repr": "dsdf", "action_time": "2017-03-20T20:38:45.148Z", "change_message": "", "action_flag": 3, "content_type": 4, "user": 1, "object_id": "17"}, "pk": 107, "model": "admin.logentry"}, {"fields": {"object_repr": "dvdf", "action_time": "2017-03-20T20:38:45.288Z", "change_message": "", "action_flag": 3, "content_type": 4, "user": 1, "object_id": "10"}, "pk": 108, "model": "admin.logentry"}, {"fields": {"object_repr": "dvdffr", "action_time": "2017-03-20T20:38:45.439Z", "change_message": "", "action_flag": 3, "content_type": 4, "user": 1, "object_id": "11"}, "pk": 109, "model": "admin.logentry"}, {"fields": {"object_repr": "dvdffrfff", "action_time": "2017-03-20T20:38:45.577Z", "change_message": "", "action_flag": 3, "content_type": 4, "user": 1, "object_id": "12"}, "pk": 110, "model": "admin.logentry"}, {"fields": {"object_repr": "dvdffrfffddd", "action_time": "2017-03-20T20:38:45.677Z", "change_message": "", "action_flag": 3, "content_type": 4, "user": 1, "object_id": "13"}, "pk": 111, "model": "admin.logentry"}, {"fields": {"object_repr": "h", "action_time": "2017-03-20T20:38:45.794Z", "change_message": "", "action_flag": 3, "content_type": 4, "user": 1, "object_id": "20"}, "pk": 112, "model": "admin.logentry"}, {"fields": {"object_repr": "hh", "action_time": "2017-03-20T20:38:45.942Z", "change_message": "", "action_flag": 3, "content_type": 4, "user": 1, "object_id": "16"}, "pk": 113, "model": "admin.logentry"}, {"fields": {"object_repr": "jJ", "action_time": "2017-03-20T20:38:46.057Z", "change_message": "", "action_flag": 3, "content_type": 4, "user": 1, "object_id": "19"}, "pk": 114, "model": "admin.logentry"}, {"fields": {"object_repr": "s", "action_time": "2017-03-20T20:38:46.195Z", "change_message": "", "action_flag": 3, "content_type": 4, "user": 1, "object_id": "14"}, "pk": 115, "model": "admin.logentry"}, {"fields": {"object_repr": "sd", "action_time": "2017-03-20T20:38:46.330Z", "change_message": "", "action_flag": 3, "content_type": 4, "user": 1, "object_id": "15"}, "pk": 116, "model": "admin.logentry"}, {"fields": {"object_repr": "bb", "action_time": "2017-03-20T20:43:52.858Z", "change_message": "Changed password.", "action_flag": 2, "content_type": 4, "user": 1, "object_id": "21"}, "pk": 117, "model": "admin.logentry"}, {"fields": {"object_repr": "b", "action_time": "2017-03-20T21:04:05.298Z", "change_message": "", "action_flag": 3, "content_type": 4, "user": 1, "object_id": "23"}, "pk": 118, "model": "admin.logentry"}, {"fields": {"object_repr": "bb", "action_time": "2017-03-20T21:04:05.467Z", "change_message": "", "action_flag": 3, "content_type": 4, "user": 1, "object_id": "21"}, "pk": 119, "model": "admin.logentry"}, {"fields": {"object_repr": "jh", "action_time": "2017-03-20T21:04:05.768Z", "change_message": "", "action_flag": 3, "content_type": 4, "user": 1, "object_id": "22"}, "pk": 120, "model": "admin.logentry"}, {"fields": {"object_repr": "n", "action_time": "2017-03-20T21:04:06.037Z", "change_message": "", "action_flag": 3, "content_type": 4, "user": 1, "object_id": "24"}, "pk": 121, "model": "admin.logentry"}, {"fields": {"object_repr": "a", "action_time": "2017-03-20T21:12:28.650Z", "change_message": "", "action_flag": 3, "content_type": 4, "user": 1, "object_id": "27"}, "pk": 122, "model": "admin.logentry"}, {"fields": {"object_repr": "b", "action_time": "2017-03-20T21:12:28.819Z", "change_message": "", "action_flag": 3, "content_type": 4, "user": 1, "object_id": "25"}, "pk": 123, "model": "admin.logentry"}, {"fields": {"object_repr": "bb", "action_time": "2017-03-20T21:12:28.950Z", "change_message": "", "action_flag": 3, "content_type": 4, "user": 1, "object_id": "26"}, "pk": 124, "model": "admin.logentry"}, {"fields": {"object_repr": "bbc", "action_time": "2017-03-20T21:12:29.097Z", "change_message": "", "action_flag": 3, "content_type": 4, "user": 1, "object_id": "28"}, "pk": 125, "model": "admin.logentry"}, {"fields": {"object_repr": "bbb", "action_time": "2017-03-20T21:45:23.230Z", "change_message": "Changed password.", "action_flag": 2, "content_type": 4, "user": 1, "object_id": "30"}, "pk": 126, "model": "admin.logentry"}, {"fields": {"object_repr": "aaa", "action_time": "2017-03-20T21:48:39.798Z", "change_message": "Changed password.", "action_flag": 2, "content_type": 4, "user": 1, "object_id": "31"}, "pk": 127, "model": "admin.logentry"}, {"fields": {"object_repr": "American Beauty", "action_time": "2017-03-20T22:37:00.613Z", "change_message": "", "action_flag": 1, "content_type": 9, "user": 1, "object_id": "1"}, "pk": 128, "model": "admin.logentry"}, {"fields": {"object_repr": "The Godfather", "action_time": "2017-03-20T22:42:47.302Z", "change_message": "", "action_flag": 1, "content_type": 9, "user": 1, "object_id": "2"}, "pk": 129, "model": "admin.logentry"}, {"fields": {"object_repr": "The Godfather", "action_time": "2017-03-21T00:48:48.033Z", "change_message": "", "action_flag": 3, "content_type": 9, "user": 1, "object_id": "2"}, "pk": 130, "model": "admin.logentry"}, {"fields": {"object_repr": "The Godfather", "action_time": "2017-03-21T00:48:48.264Z", "change_message": "", "action_flag": 3, "content_type": 9, "user": 1, "object_id": "1"}, "pk": 131, "model": "admin.logentry"}, {"fields": {"object_repr": "Movie_reviews object", "action_time": "2017-03-21T00:56:09.908Z", "change_message": "", "action_flag": 1, "content_type": 9, "user": 1, "object_id": "1"}, "pk": 132, "model": "admin.logentry"}, {"fields": {"object_repr": "Movie_reviews object", "action_time": "2017-03-21T00:56:29.876Z", "change_message": "", "action_flag": 1, "content_type": 9, "user": 1, "object_id": "2"}, "pk": 133, "model": "admin.logentry"}, {"fields": {"object_repr": "Movie_reviews object", "action_time": "2017-03-21T00:56:53.097Z", "change_message": "", "action_flag": 1, "content_type": 9, "user": 1, "object_id": "3"}, "pk": 134, "model": "admin.logentry"}, {"fields": {"object_repr": "Movie_reviews object", "action_time": "2017-03-21T00:59:48.793Z", "change_message": "", "action_flag": 3, "content_type": 9, "user": 1, "object_id": "3"}, "pk": 135, "model": "admin.logentry"}, {"fields": {"object_repr": "Movie_reviews object", "action_time": "2017-03-21T01:00:03.137Z", "change_message": "", "action_flag": 3, "content_type": 9, "user": 1, "object_id": "2"}, "pk": 136, "model": "admin.logentry"}, {"fields": {"object_repr": "Movie_reviews object", "action_time": "2017-03-21T01:00:50.298Z", "change_message": "", "action_flag": 1, "content_type": 9, "user": 1, "object_id": "4"}, "pk": 137, "model": "admin.logentry"}, {"fields": {"object_repr": "The Godfather", "action_time": "2017-03-21T01:00:54.130Z", "change_message": "Changed reviews.", "action_flag": 2, "content_type": 7, "user": 1, "object_id": "1"}, "pk": 138, "model": "admin.logentry"}, {"fields": {"object_repr": "Movie_reviews object", "action_time": "2017-03-21T01:05:45.498Z", "change_message": "Changed user, review_title and review_body.", "action_flag": 2, "content_type": 9, "user": 1, "object_id": "1"}, "pk": 139, "model": "admin.logentry"}, {"fields": {"object_repr": "a", "action_time": "2017-03-21T01:07:31.471Z", "change_message": "", "action_flag": 3, "content_type": 4, "user": 1, "object_id": "34"}, "pk": 140, "model": "admin.logentry"}, {"fields": {"object_repr": "aaa", "action_time": "2017-03-21T01:07:31.623Z", "change_message": "", "action_flag": 3, "content_type": 4, "user": 1, "object_id": "31"}, "pk": 141, "model": "admin.logentry"}, {"fields": {"object_repr": "b", "action_time": "2017-03-21T01:07:31.758Z", "change_message": "", "action_flag": 3, "content_type": 4, "user": 1, "object_id": "29"}, "pk": 142, "model": "admin.logentry"}, {"fields": {"object_repr": "bbb", "action_time": "2017-03-21T01:07:31.922Z", "change_message": "", "action_flag": 3, "content_type": 4, "user": 1, "object_id": "30"}, "pk": 143, "model": "admin.logentry"}, {"fields": {"object_repr": "dd", "action_time": "2017-03-21T01:07:32.058Z", "change_message": "", "action_flag": 3, "content_type": 4, "user": 1, "object_id": "35"}, "pk": 144, "model": "admin.logentry"}, {"fields": {"object_repr": "f", "action_time": "2017-03-21T01:07:32.222Z", "change_message": "", "action_flag": 3, "content_type": 4, "user": 1, "object_id": "36"}, "pk": 145, "model": "admin.logentry"}, {"fields": {"object_repr": "hh", "action_time": "2017-03-21T01:07:32.363Z", "change_message": "", "action_flag": 3, "content_type": 4, "user": 1, "object_id": "32"}, "pk": 146, "model": "admin.logentry"}, {"fields": {"object_repr": "m", "action_time": "2017-03-21T01:07:32.532Z", "change_message": "", "action_flag": 3, "content_type": 4, "user": 1, "object_id": "37"}, "pk": 147, "model": "admin.logentry"}, {"fields": {"object_repr": "p", "action_time": "2017-03-21T01:07:32.680Z", "change_message": "", "action_flag": 3, "content_type": 4, "user": 1, "object_id": "38"}, "pk": 148, "model": "admin.logentry"}]